time,ride_id,wait
2026-10-05 09:31,8721,35
2026-10-05 09:31,5999,5
2026-10-05 09:31,6017,5
2026-10-05 09:31,5988,5
2026-10-05 09:31,16645,0
2026-10-05 09:31,6003,5
2026-10-05 09:31,5985,10
2026-10-05 09:31,15384,0
2026-10-05 09:31,5986,5
2026-10-05 09:31,5997,5
2026-10-05 09:31,5987,5
2026-10-05 09:31,6001,5
2026-10-05 09:31,5991,20
2026-10-05 09:31,6682,90
2026-10-05 09:31,16652,0
2026-10-05 09:31,5992,10
2026-10-05 09:31,13113,0
2026-10-05 09:31,13098,45
2026-10-05 09:31,5989,5
2026-10-05 17:36,5999,25
2026-10-05 17:36,6017,10
2026-10-05 17:36,5988,10
2026-10-05 17:36,16645,0
2026-10-05 17:36,6003,5
2026-10-05 17:36,6004,35
2026-10-05 17:36,15384,0
2026-10-05 17:36,5986,10
2026-10-05 17:36,5997,5
2026-10-05 17:36,5987,5
2026-10-05 17:36,6001,30
2026-10-05 17:36,5991,40
2026-10-05 17:36,6682,60
2026-10-05 17:36,16652,0
2026-10-05 17:36,5992,15
2026-10-05 17:36,13113,0
2026-10-05 17:36,6015,15
2026-10-05 17:36,13098,15
2026-10-05 17:36,5989,30
2026-10-05 17:36,5998,5
